{
  "vref": 3.3,
  "adc_vref": 3.3,
  "channels": {
    "0": [
      0.0,
      0.2973659095247182,
      0.5935815289438797,
      0.8758779093507549,
      1.152506070065907,
      1.4296583191850605,
      1.7149387614283225,
      2.0132027649769593,
      2.3353598014888335,
      2.670645161290323,
      2.996712158808935,
      3.296884582362345
    ],
    "1": [
      0.0,
      0.29677419354838713,
      0.5969815668202764,
      0.8967501203659135,
      1.1977419354838712,
      1.4932844574780055,
      1.7913978494623677,
      2.096501240694788,
      2.398203812316716,
      2.6995519713261653,
      2.9910138248847926,
      3.297881371238735
    ],
    "2": [
      0.0,
      0.3000000000000002,
      0.5999999999999985,
      0.8977574016791863,
      1.198395862552592,
      1.493849986886969,
      1.7922271791352091,
      2.092335127217103,
      2.398274568642164,
      2.7015753938484637,
      3.0036290322580648,
      3.2988826815642462
    ],
    "3": [
      0.0,
      3.298387096774193
    ],
    "4": [
      0.0,
      0.2966849691146193,
      0.5744493882091228,
      0.835250680139912,
      1.0890928533238304,
      1.3454154447702824,
      1.6120578289448504,
      1.899228611500701,
      2.222625448028672,
      2.5838709677419343,
      2.97953629032258,
      3.2987940677119494
    ],
    "5": [
      0.0,
      0.29677419354838713,
      0.5903225806451617,
      0.8715136476426794,
      1.146430460074036,
      1.422381794078656,
      1.706030855539973,
      2.003581191908144,
      2.323524041387707,
      2.663203300825204,
      2.9958064516129035,
      3.299024542582202
    ],
    "6": [
      0.0,
      0.29710020590253944,
      0.5890777224507485,
      0.8697012340333425,
      1.1435045582047718,
      1.4176337529504297,
      1.7006709677419316,
      1.998077746215808,
      2.3141935483870966,
      2.6571847507331374,
      2.996236559139785,
      3.2992396313363908
    ],
    "7": [
      0.0,
      3.3
    ]
  },
  "meta": {
    "sample_rate": 50.0,
    "settle_window": 0.25,
    "settle_threshold": 0.02,
    "cluster_tol": 0.05
  }
}